{"<@!165703266280275970>": {"cones": 19.375, "nickname": "the cone is a lie", "team": 0, "bet": 0, "multiplier": 1.4, "admin": 0}, "<@!188865921203437568>": {"cones": 2, "nickname": "An Angry Goose", "team": "beer", "bet": 0, "multiplier": 2, "admin": 1}, "<@!258038829041057792>": {"cones": 34.44999999999999, "nickname": "Dave", "team": 0, "bet": 0, "multiplier": 1.4, "admin": 0}, "<@!324325958016565260>": {"cones": 16.199999999999996, "nickname": "The Firestarter", "team": "beer", "bet": 0, "multiplier": 1.4, "admin": 0}, "<@!188862947114614784>": {"cones": 35.04999999999998, "nickname": "DAAAAN", "team": "beer", "bet": 0, "multiplier": 1.4, "admin": 1}, "<@!212792022006890496>": {"cones": 58.274999999999984, "nickname": "Brian", "team": 0, "bet": 0, "multiplier": 1.15, "admin": 0}, "<@!463052367009546296>": {"cones": 6.699999999999996, "nickname": "Mark", "team": "beer", "bet": 0, "multiplier": 1.75, "admin": 0}, "<@!336228579451076620>": {"cones": 2, "nickname": "Caleb", "team": 0, "bet": 0, "multiplier": 2, "admin": 0}, "<@!211014496137904128>": {"cones": 2, "nickname": "Eric", "team": "beer", "bet": 0, "multiplier": 2, "admin": 0}, "<@!547976639427117077>": {"cones": 2, "nickname": "Rob", "team": 0, "bet": 0, "multiplier": 2, "admin": 0}, "<@!619037437871783956>": {"cones": 2, "nickname": "Stina", "team": 0, "bet": 0, "multiplier": 2, "admin": 0}, "<@!652580358243745819>": {"cones": 2, "nickname": "Skilcline", "team": "beer", "bet": 0, "multiplier": 2, "admin": 0}, "<@!177233215017189376>": {"cones": 13.849999999999998, "nickname": "Teeken", "team": 0, "bet": 0, "multiplier": 1.4, "admin": 0}, "<@!308054013004218380>": {"cones": 2, "nickname": "Noah", "team": 0, "bet": 0, "multiplier": 2, "admin": 0}, "<@!186317232895164418>": {"cones": 49.224999999999994, "nickname": "Apollo who basks in the glorious rays of Himself", "team": "beer", "bet": 0, "multiplier": 1.15, "admin": 0}, "<@!633134534308790273>": {"cones": 2, "nickname": "Brody", "team": 0, "bet": 0, "multiplier": 2, "admin": 0}, "<@!174364084974649344>": {"cones": 11.6, "nickname": "John", "team": 0, "bet": 0, "multiplier": 1.75, "admin": 0}, "<@!456239119954346016>": {"cones": 2, "nickname": "Tris", "team": 0, "bet": 0, "multiplier": 2, "admin": 0}, "<@!307007218459344897>": {"cones": 2, "nickname": "Sex Pope", "team": 0, "bet": 0, "multiplier": 2, "admin": 0}, "<@!691085314252603443>": {"cones": 2, "nickname": "FROZEN", "team": 0, "bet": 0, "multiplier": 2, "admin": 0}, "<@!690745974573891595>": {"cones": 2, "nickname": "sarah:)", "team": 0, "bet": 0, "multiplier": 2, "admin": 0}, "<@!186314480739811337>": {"cones": 6.25, "nickname": "DK", "team": 0, "bet": 0, "multiplier": 1.75, "admin": 0}, "<@!310626002562842624>": {"cones": 2, "nickname": "Jon", "team": 0, "bet": 0, "multiplier": 2, "admin": 0}, "<@!359005298834276352>": {"cones": 2, "nickname": "Evan", "team": 0, "bet": 0, "multiplier": 2, "admin": 0}, "<@!444699462900908116>": {"cones": 2, "nickname": "Shawn", "team": 0, "bet": 0, "multiplier": 2, "admin": 0}, "<@!300825465621577738>": {"cones": 2, "nickname": "Dakota", "team": 0, "bet": 0, "multiplier": 2, "admin": 0}, "<@!173295921231036416>": {"cones": 2, "nickname": "Dorak?", "team": 0, "bet": 0, "multiplier": 2, "admin": 0}, "<@!372913042897240066>": {"cones": 12.6, "multiplier": 1.4, "bet": 0, "team": 0, "nickname": "Fally", "admin": 0}, "<@!706012360757870634>": {"cones": 2.0, "multiplier": 2, "bet": 0, "team": 0, "nickname": "Chris", "admin": 0}}